Data_time,Return_time,User_id,User_name,Gender,Age_group,Region,총점,부주의 점수,과잉행동/충동성 점수,ADHD 유형,해석 문구,Duration_seconds,Response_count
2026-04-28T13:42:21.913059,2026-04-28T13:42:42.241337,6bc1e4de1dd3,한국,남자,20대,서울,40,21,19,특정 우세 경향이 뚜렷하지 않음,ADHD 관련 어려움이 다소 높은 편으로 보입니다.,20,20
2026-04-28T13:42:52.265135,2026-04-28T13:43:13.805553,202c9724cde3,IT,여자,20대,서울,0,0,0,특정 우세 경향이 뚜렷하지 않음,ADHD 관련 어려움이 낮은 편으로 보입니다.,21,20
2026-04-28T13:43:23.040821,2026-04-28T13:43:46.958171,530481981aee,교육원,남자,30대,경기,20,10,10,특정 우세 경향이 뚜렷하지 않음,일부 ADHD 관련 경향이 관찰될 수 있습니다.,23,20
2026-04-28T13:44:03.782062,2026-04-28T13:44:45.699219,c22c6db3ccae,한국IT교육원,여자,30대,수원,60,30,30,복합형 경향,ADHD 관련 경향이 비교적 높게 나타납니다.,41,20
2026-04-28T14:05:56.735143,2026-04-28T14:06:25.269762,ca70dd0aed68,대구광역시,남자,40대,대구,0,0,0,특정 우세 경향이 뚜렷하지 않음,ADHD 관련 어려움이 낮은 편으로 보입니다.,28,20
2026-04-29T09:24:52.309233,2026-04-29T09:25:42.049122,1604c1217a86,나무,남자,20대,서울,95,45,50,복합형 경향,ADHD 관련 경향이 매우 높게 나타납니다. 전문가 상담을 권장합니다.,49,20
2026-04-29T09:38:24.368232,2026-04-29T09:39:10.545792,69d1a31fc613,가나다,여자,30대,충남,44,20,24,특정 우세 경향이 뚜렷하지 않음,ADHD 관련 어려움이 다소 높은 편으로 보입니다.,46,20
2026-04-29T09:38:28.291119,2026-04-29T09:40:50.107498,ff92e5ac1b11,test_h,여자,20대,서울,14,10,4,특정 우세 경향이 뚜렷하지 않음,ADHD 관련 어려움이 낮은 편으로 보입니다.,141,20
2026-04-29T15:51:19.361600,2026-04-29T15:52:12.789974,12b3c7d3f4c3,ㅓ,남자,20대,서울,100,50,50,복합형 경향,ADHD 관련 경향이 매우 높게 나타납니다. 전문가 상담을 권장합니다.,53,20
